City_ID,City,Country,Date,Current Description,Lat,Lng,Max Temp,Humidity,Cloudiness,Wind Speed
0,Barrow,US,2022-07-20 21:50:08,overcast clouds,71.2906,-156.7887,51.82,62,100,6.91
1,Busselton,AU,2022-07-20 21:50:09,overcast clouds,-33.65,115.3333,55.81,94,100,10.02
2,Ribeira Grande,PT,2022-07-20 21:50:09,few clouds,38.5167,-28.7,73.8,83,20,5.75
3,Rikitea,PF,2022-07-20 21:50:09,clear sky,-23.1203,-134.9692,73.35,75,0,3.98
4,Bilma,NE,2022-07-20 21:50:09,broken clouds,18.6853,12.9164,92.82,17,73,2.86
5,Albany,US,2022-07-20 21:45:29,scattered clouds,42.6001,-73.9662,95.65,48,47,4.0
6,Bambous Virieux,MU,2022-07-20 21:50:10,light intensity shower rain,-20.3428,57.7575,68.25,83,75,24.16
7,Mataura,NZ,2022-07-20 21:50:10,overcast clouds,-46.1927,168.8643,40.48,88,100,2.84
8,Bredasdorp,ZA,2022-07-20 21:50:11,clear sky,-34.5322,20.0403,45.43,87,1,4.99
9,Alexandria,EG,2022-07-20 21:45:29,clear sky,31.2156,29.9553,77.54,73,0,12.66
10,Arraial Do Cabo,BR,2022-07-20 21:50:11,broken clouds,-22.9661,-42.0278,71.56,88,75,9.22
11,Coquimbo,CL,2022-07-20 21:49:12,overcast clouds,-29.9533,-71.3436,55.13,82,100,2.3
12,Saint-Philippe,RE,2022-07-20 21:48:21,scattered clouds,-21.3585,55.7679,67.59,78,45,13.69
13,Burnie,AU,2022-07-20 21:50:11,overcast clouds,-41.0667,145.9167,45.95,83,88,8.59
14,Shimoda,JP,2022-07-20 21:47:26,overcast clouds,34.6667,138.95,79.11,82,95,7.49
15,Port Alfred,ZA,2022-07-20 21:50:12,overcast clouds,-33.5906,26.891,56.17,97,100,1.99
16,Kaitangata,NZ,2022-07-20 21:50:12,overcast clouds,-46.2817,169.8464,41.94,81,100,7.14
17,Viedma,AR,2022-07-20 21:50:12,broken clouds,-40.8135,-62.9967,62.98,47,72,23.62
18,Ahipara,NZ,2022-07-20 21:49:14,broken clouds,-35.1667,173.1667,55.33,75,73,19.06
19,Termoli,IT,2022-07-20 21:50:13,clear sky,41.9888,14.9895,73.58,53,0,2.28
20,Luziania,BR,2022-07-20 21:50:13,clear sky,-16.2525,-47.9503,76.69,45,3,5.57
21,Puerto Ayora,EC,2022-07-20 21:46:38,overcast clouds,-0.7393,-90.3518,78.76,100,94,8.99
22,Shakiso,ET,2022-07-20 21:50:14,overcast clouds,5.75,38.9167,57.47,88,91,1.92
23,Alice Springs,AU,2022-07-20 21:50:14,clear sky,-23.7,133.8833,33.35,69,0,0.0
24,Terme,TR,2022-07-20 21:50:14,overcast clouds,41.2092,36.9739,68.25,82,100,7.81
25,Krasnoselkup,RU,2022-07-20 21:50:15,overcast clouds,65.7,82.4667,51.13,86,100,2.98
26,Batemans Bay,AU,2022-07-20 21:50:15,overcast clouds,-35.7167,150.1833,51.1,84,100,3.22
27,East London,ZA,2022-07-20 21:46:14,light rain,-33.0153,27.9116,61.72,83,96,4.61
28,Khatanga,RU,2022-07-20 21:46:06,overcast clouds,71.9667,102.5,45.61,68,100,20.24
29,Kaeo,NZ,2022-07-20 21:50:15,scattered clouds,-35.1,173.7833,55.33,95,26,14.16
30,Kapaa,US,2022-07-20 21:50:16,few clouds,22.0752,-159.319,82.72,71,20,17.27
31,Manjeshwar,IN,2022-07-20 21:50:16,overcast clouds,12.7194,74.8861,74.35,89,85,9.19
32,Weyburn,CA,2022-07-20 21:50:16,clear sky,49.6668,-103.8511,73.62,43,0,21.85
33,Batagay-Alyta,RU,2022-07-20 21:47:24,overcast clouds,67.8006,130.4114,41.34,79,100,1.61
34,Nemuro,JP,2022-07-20 21:50:17,broken clouds,43.3236,145.575,58.48,90,69,7.07
35,Yellowknife,CA,2022-07-20 21:50:17,broken clouds,62.456,-114.3525,68.52,49,75,10.36
36,Kostino,RU,2022-07-20 21:50:17,broken clouds,58.9097,53.2691,50.81,97,71,2.77
37,Tasca,RO,2022-07-20 21:50:18,few clouds,46.9,26.0167,61.45,76,20,2.8
38,Upernavik,GL,2022-07-20 21:50:18,overcast clouds,72.7868,-56.1549,48.33,69,87,7.54
39,Hermanus,ZA,2022-07-20 21:48:12,clear sky,-34.4187,19.2345,51.57,68,1,3.44
40,Saskylakh,RU,2022-07-20 21:50:18,broken clouds,71.9167,114.0833,42.01,76,67,14.54
41,Port Lincoln,AU,2022-07-20 21:50:19,broken clouds,-34.7333,135.8667,51.49,80,77,11.81
42,Yazman,PK,2022-07-20 21:50:19,few clouds,29.1212,71.7446,93.09,55,17,21.63
43,Salalah,OM,2022-07-20 21:49:48,drizzle,17.0151,54.0924,77.09,94,100,5.75
44,Qrendi,MT,2022-07-20 21:50:19,clear sky,35.8347,14.4583,80.11,71,0,0.87
45,Iqaluit,CA,2022-07-20 21:50:20,broken clouds,63.7506,-68.5145,47.93,87,75,3.44
46,Constitucion,CL,2022-07-20 21:50:20,clear sky,-35.3333,-72.4167,52.77,92,5,9.78
47,Punta Arenas,CL,2022-07-20 21:50:20,broken clouds,-53.15,-70.9167,35.62,80,75,23.02
48,Port Elizabeth,ZA,2022-07-20 21:51:21,broken clouds,-33.918,25.5701,56.1,94,75,6.91
49,Naqadeh,IR,2022-07-20 21:51:21,clear sky,36.9553,45.388,77.92,20,0,3.98
50,Elk City,US,2022-07-20 21:51:21,clear sky,35.412,-99.4043,101.08,30,0,9.22
51,Broken Hill,AU,2022-07-20 21:51:22,overcast clouds,-31.95,141.4333,47.17,92,99,14.18
52,Cherskiy,RU,2022-07-20 21:51:22,few clouds,68.75,161.3,44.01,54,15,13.56
53,Lorengau,PG,2022-07-20 21:51:22,overcast clouds,-2.0226,147.2712,81.1,77,96,3.47
54,Neyshabur,IR,2022-07-20 21:51:23,clear sky,36.2133,58.7958,78.12,21,0,1.95
55,Shitanjing,CN,2022-07-20 21:51:23,few clouds,39.2342,106.3439,68.23,47,20,7.34
56,Bluff,NZ,2022-07-20 21:51:23,overcast clouds,-46.6,168.3333,40.8,72,100,6.96
57,Tuktoyaktuk,CA,2022-07-20 21:51:23,overcast clouds,69.4541,-133.0374,53.6,82,100,11.5
58,Cabo San Lucas,MX,2022-07-20 21:50:44,clear sky,22.8909,-109.9124,97.61,49,0,17.27
59,Wellington,NZ,2022-07-20 21:46:26,haze,-41.2866,174.7756,47.86,93,100,16.11
60,Ouango,CF,2022-07-20 21:51:24,overcast clouds,4.3133,22.5552,70.02,97,100,1.59
61,Atuona,PF,2022-07-20 21:51:24,clear sky,-9.8,-139.0333,77.74,74,8,15.12
62,Thompson,CA,2022-07-20 21:47:59,broken clouds,55.7435,-97.8558,66.36,72,75,5.75
63,Pitimbu,BR,2022-07-20 21:51:25,overcast clouds,-7.4706,-34.8086,73.99,88,91,11.12
64,Arlit,NE,2022-07-20 21:51:25,broken clouds,18.7369,7.3853,92.37,29,61,5.99
65,Castro,BR,2022-07-20 21:51:25,clear sky,-24.7911,-50.0119,59.2,89,1,4.68
66,Vostok,RU,2022-07-20 21:51:26,few clouds,46.4856,135.8833,63.84,94,14,1.36
67,Itarema,BR,2022-07-20 21:51:26,broken clouds,-2.9248,-39.9167,78.08,75,68,13.8
68,Ushuaia,AR,2022-07-20 21:49:20,snow,-54.8,-68.3,31.66,86,100,21.85
69,Arrifes,PT,2022-07-20 21:51:26,broken clouds,37.7667,-25.7,68.25,88,75,4.61
70,Quelimane,MZ,2022-07-20 21:51:27,few clouds,-17.8786,36.8883,71.55,88,20,3.44
71,Lagos,NG,2022-07-20 21:51:27,overcast clouds,6.5833,3.75,73.96,78,90,5.84
72,Varzea Da Palma,BR,2022-07-20 21:51:27,clear sky,-17.5981,-44.7308,72.9,37,0,6.17
73,Vaini,TO,2022-07-20 21:51:28,scattered clouds,-21.2,-175.2,77.16,83,40,9.22
74,Broome,US,2022-07-20 21:51:28,scattered clouds,42.2506,-75.833,94.01,50,40,11.5
75,Saint George,US,2022-07-20 21:51:28,clear sky,37.1041,-113.5841,107.94,15,0,11.5
76,Micheweni,TZ,2022-07-20 21:51:29,light rain,-4.9667,39.8333,73.49,81,20,13.58
77,Tilichiki,RU,2022-07-20 21:51:29,clear sky,60.4667,166.1,59.38,44,6,7.38
78,Kavieng,PG,2022-07-20 21:51:29,light rain,-2.5744,150.7967,81.77,79,93,11.65
79,Pavlivka,UA,2022-07-20 21:51:29,few clouds,49.4414,28.4596,56.77,76,21,8.14
80,Cape Town,ZA,2022-07-20 21:49:07,clear sky,-33.9258,18.4232,51.12,79,0,2.3
81,Alto Araguaia,BR,2022-07-20 21:51:30,clear sky,-17.3147,-53.2153,73.36,28,7,5.79
82,Bathsheba,BB,2022-07-20 21:51:30,scattered clouds,13.2167,-59.5167,84.81,94,40,16.11
83,Coruripe,BR,2022-07-20 21:51:30,broken clouds,-10.1256,-36.1756,73.76,89,65,10.98
84,Hurghada,EG,2022-07-20 21:51:24,clear sky,27.2574,33.8129,91.44,22,0,6.91
85,Srednekolymsk,RU,2022-07-20 21:47:54,overcast clouds,67.45,153.6833,47.32,69,100,7.7
86,Hobart,AU,2022-07-20 21:46:44,clear sky,-42.8794,147.3294,35.26,94,0,3.44
87,Gorele,TR,2022-07-20 21:51:31,light rain,41.0308,39.0031,69.3,87,80,8.93
88,Faanui,PF,2022-07-20 21:51:31,clear sky,-16.4833,-151.75,77.99,65,0,9.55
89,Airai,TL,2022-07-20 21:51:32,overcast clouds,-8.9266,125.4092,57.11,93,91,3.74
90,Ambatolampy,MG,2022-07-20 21:51:32,overcast clouds,-19.3833,47.4167,49.19,87,100,9.04
91,Pevek,RU,2022-07-20 21:51:32,overcast clouds,69.7008,170.3133,31.62,88,99,15.46
92,Portland,US,2022-07-20 21:49:41,clear sky,45.5234,-122.6762,93.42,40,0,7.0
93,Yerofey Pavlovich,RU,2022-07-20 21:51:33,scattered clouds,53.9667,121.9667,64.02,93,30,2.95
94,Altay,CN,2022-07-20 21:52:33,overcast clouds,47.8667,88.1167,54.97,57,86,4.41
95,Kadambur,IN,2022-07-20 21:52:33,broken clouds,8.9833,77.8667,79.47,73,77,11.3
96,Hecun,CN,2022-07-20 21:52:34,clear sky,36.5333,114.1111,70.21,70,0,3.89
97,New Norfolk,AU,2022-07-20 21:52:34,clear sky,-42.7826,147.0587,34.92,89,4,2.39
98,Komsomolskiy,UZ,2022-07-20 21:47:50,clear sky,40.4272,71.7189,81.32,29,0,9.22
99,Avarua,CK,2022-07-20 21:52:34,broken clouds,-21.2078,-159.775,75.25,64,75,18.41
100,Moron,AR,2022-07-20 21:52:35,scattered clouds,-34.6534,-58.6198,62.49,72,39,5.64
101,Qaanaaq,GL,2022-07-20 21:52:35,overcast clouds,77.484,-69.3632,41.14,80,100,2.95
102,Mar Del Plata,AR,2022-07-20 21:48:56,scattered clouds,-38.0023,-57.5575,53.83,63,40,12.35
103,Zlobin,HR,2022-07-20 21:52:35,clear sky,45.2924,14.6541,70.59,72,2,5.35
104,Ketchikan,US,2022-07-20 21:52:36,broken clouds,55.3422,-131.6461,61.27,63,75,11.5
105,Dudinka,RU,2022-07-20 21:52:36,overcast clouds,69.4058,86.1778,52.63,79,99,10.38
106,Madang,PG,2022-07-20 21:52:36,overcast clouds,-5.2246,145.7966,77.18,90,99,2.51
107,Liling,CN,2022-07-20 21:52:36,light rain,27.6667,113.5,78.37,88,100,3.91
108,Lebu,CL,2022-07-20 21:52:37,overcast clouds,-37.6167,-73.65,52.83,96,100,10.07
109,Ancud,CL,2022-07-20 21:52:37,broken clouds,-41.8697,-73.8203,40.23,67,77,11.48
110,Montepuez,MZ,2022-07-20 21:52:37,clear sky,-13.1256,38.9997,58.98,96,0,4.94
111,Inirida,CO,2022-07-20 21:52:38,broken clouds,3.8653,-67.9239,77.47,93,72,2.35
112,Kasempa,ZM,2022-07-20 21:52:38,broken clouds,-13.4584,25.8338,64.67,50,51,8.23
113,Carndonagh,IE,2022-07-20 21:52:38,overcast clouds,55.25,-7.2667,54.48,86,93,6.2
114,Igra,RU,2022-07-20 21:52:39,scattered clouds,57.5558,53.0547,51.69,95,45,3.53
115,Barmer,IN,2022-07-20 21:52:39,light rain,25.75,71.3833,81.77,83,49,18.92
116,Cap Malheureux,MU,2022-07-20 21:52:39,light rain,-19.9842,57.6142,65.46,75,92,8.99
117,Takoradi,GH,2022-07-20 21:52:39,broken clouds,4.8845,-1.7554,73.51,73,55,7.18
118,Ponta Do Sol,PT,2022-07-20 21:52:40,clear sky,32.6667,-17.1,73.71,81,5,7.23
119,Victoria,HK,2022-07-20 21:52:40,few clouds,22.2855,114.1577,86.38,84,21,5.99
120,Bembibre,ES,2022-07-20 21:52:41,clear sky,42.6177,-6.4155,68.72,60,0,1.01
121,Yulara,AU,2022-07-20 21:52:41,few clouds,-25.2406,130.9889,44.22,53,18,10.25
122,Evensk,RU,2022-07-20 21:49:41,few clouds,61.95,159.2333,63.91,50,14,4.74
123,Toul,FR,2022-07-20 21:52:41,broken clouds,48.6667,5.9167,67.01,88,64,6.91
124,Marsh Harbour,BS,2022-07-20 21:51:02,clear sky,26.5412,-77.0636,83.61,71,4,10.71
125,Maceio,BR,2022-07-20 21:51:20,overcast clouds,-9.6658,-35.7353,74.64,88,100,6.91
126,Pakhtakoron,TJ,2022-07-20 21:52:42,clear sky,40.1571,68.7466,79.7,24,0,7.54
127,San Joaquin,US,2022-07-20 21:52:42,clear sky,37.9333,-121.3011,100.53,15,0,11.5
128,Leningradskiy,RU,2022-07-20 21:52:42,snow,69.3833,178.4167,33.46,99,100,19.69
129,Narsaq,GL,2022-07-20 21:52:43,overcast clouds,60.9167,-46.05,54.37,82,86,3.51
130,Mandapam,IN,2022-07-20 21:52:43,broken clouds,9.2833,79.1167,82.15,81,63,8.55
131,Sun City West,US,2022-07-20 21:52:43,broken clouds,33.662,-112.3413,110.53,23,75,10.36
132,Waddan,LY,2022-07-20 21:52:44,clear sky,29.1614,16.139,79.79,47,0,13.4
133,Faya,SA,2022-07-20 21:52:44,overcast clouds,18.3851,42.4509,66.72,55,100,8.05
134,Touros,BR,2022-07-20 21:52:44,broken clouds,-5.1989,-35.4608,75.13,84,82,11.16
135,Zhigansk,RU,2022-07-20 21:52:45,overcast clouds,66.7697,123.3711,51.96,65,98,15.61
136,Digby,CA,2022-07-20 21:52:45,clear sky,44.6169,-65.7655,81.55,69,6,11.54
137,Kinablangan,PH,2022-07-20 21:52:45,overcast clouds,7.6947,126.5503,78.3,82,94,3.98
138,Fairlie,GB,2022-07-20 21:52:46,clear sky,55.756,-4.8556,58.39,84,2,1.99
139,Clyde River,CA,2022-07-20 21:53:46,light rain,70.4692,-68.5914,39.43,93,100,8.05
140,Tarko-Sale,RU,2022-07-20 21:53:46,overcast clouds,64.9225,77.785,53.91,62,100,9.51
141,Auki,SB,2022-07-20 21:53:47,overcast clouds,-8.7676,160.7034,81.7,74,100,3.02
142,Hithadhoo,MV,2022-07-20 21:53:47,overcast clouds,-0.6,73.0833,80.94,69,100,2.84
143,Bengkulu,ID,2022-07-20 21:53:47,broken clouds,-3.8004,102.2655,75.58,91,64,3.65
144,Emerald,AU,2022-07-20 21:53:48,moderate rain,-23.5333,148.1667,53.74,100,40,21.85
145,Along,IN,2022-07-20 21:53:48,overcast clouds,28.1667,94.7667,75.2,99,100,0.49
146,Tamandare,BR,2022-07-20 21:53:48,scattered clouds,-8.7597,-35.1047,74.35,90,33,11.32
147,Turkistan,KZ,2022-07-20 21:53:49,clear sky,43.0,68.0,86.4,17,0,11.16
148,Beringovskiy,RU,2022-07-20 21:53:49,overcast clouds,63.05,179.3167,43.59,73,99,17.16
149,Jamestown,US,2022-07-20 21:49:02,broken clouds,42.097,-79.2353,89.19,52,75,18.41
150,Galle,LK,2022-07-20 21:53:49,overcast clouds,6.0367,80.217,78.44,86,98,16.11
151,Petatlan,MX,2022-07-20 21:53:50,scattered clouds,17.5167,-101.2667,90.88,59,26,6.46
152,Alice,US,2022-07-20 21:53:50,clear sky,27.7523,-98.0697,98.04,41,1,24.05
153,College,US,2022-07-20 21:49:51,broken clouds,64.8569,-147.8028,66.29,57,75,8.05
154,Tanete,ID,2022-07-20 21:53:50,few clouds,-3.9443,119.7848,73.2,97,19,3.18
155,Wad Rawah,SD,2022-07-20 21:53:51,light rain,15.1603,33.1397,78.03,68,93,23.0
156,Alugan,PH,2022-07-20 21:53:51,moderate rain,12.2188,125.4808,81.45,80,94,3.8
157,Zhuhai,CN,2022-07-20 21:51:47,few clouds,22.2769,113.5678,85.78,89,20,10.36
158,Esperance,AU,2022-07-20 21:53:51,light rain,-33.8667,121.9,62.51,52,100,21.27
159,Banda Aceh,ID,2022-07-20 21:53:52,overcast clouds,5.5577,95.3222,79.99,71,100,14.45
160,Katsuura,JP,2022-07-20 21:53:52,broken clouds,35.1333,140.3,78.82,82,64,9.1
161,Cidreira,BR,2022-07-20 21:49:25,clear sky,-30.1811,-50.2056,61.97,91,0,16.2
162,Georgetown,MY,2022-07-20 21:53:52,few clouds,5.4112,100.3354,80.89,91,20,1.14
163,Saint-Pierre,RE,2022-07-20 21:53:53,clear sky,-21.3393,55.4781,67.68,64,0,13.8
164,Leh,IN,2022-07-20 21:53:53,overcast clouds,34.1667,77.5833,62.53,20,100,9.48
165,Hasaki,JP,2022-07-20 21:53:53,overcast clouds,35.7333,140.8333,77.4,79,99,7.49
166,Tuatapere,NZ,2022-07-20 21:53:54,overcast clouds,-46.1333,167.6833,43.47,84,100,2.86
167,Chelno-Vershiny,RU,2022-07-20 21:53:54,scattered clouds,54.4333,51.1,54.72,92,47,4.45
168,Trstena,SK,2022-07-20 21:53:54,clear sky,49.361,19.6125,68.58,70,10,2.51
169,Mayumba,GA,2022-07-20 21:53:55,overcast clouds,-3.432,10.6554,70.39,93,88,7.76
170,Terrace,CA,2022-07-20 21:50:36,broken clouds,54.5163,-128.6035,71.51,56,75,5.75
171,Bethel,US,2022-07-20 21:52:54,clear sky,41.3712,-73.414,97.18,52,0,0.0
172,Sao Jose Da Coroa Grande,BR,2022-07-20 21:53:55,scattered clouds,-8.8978,-35.1478,74.48,89,43,12.44
173,Areka,ET,2022-07-20 21:53:55,light rain,7.0667,37.7,58.24,93,97,1.61
174,Nanakuli,US,2022-07-20 21:49:43,broken clouds,21.3906,-158.1547,84.15,54,75,12.66
175,Geraldton,AU,2022-07-20 21:53:56,overcast clouds,-28.7667,114.6,66.61,94,100,19.57
176,Honningsvag,NO,2022-07-20 21:53:56,fog,70.9821,25.9704,49.75,100,84,1.14
177,Marolambo,MG,2022-07-20 21:53:56,broken clouds,-20.05,48.1167,58.73,99,81,1.63
178,Klaksvik,FO,2022-07-20 21:53:57,overcast clouds,62.2266,-6.589,49.12,91,98,18.7
179,Yakeshi,CN,2022-07-20 21:53:57,clear sky,49.2833,120.7333,66.49,73,4,1.61
180,Aklavik,CA,2022-07-20 21:53:57,broken clouds,68.2191,-135.0107,64.4,68,75,5.75
181,Suntar,RU,2022-07-20 21:53:57,overcast clouds,62.1444,117.6319,57.38,92,100,3.78
182,Fort Nelson,CA,2022-07-20 21:53:58,scattered clouds,58.8053,-122.7002,74.79,33,40,2.3
183,Argos,GR,2022-07-20 21:53:58,clear sky,37.6333,22.7333,79.29,41,0,4.61
184,Sitka,US,2022-07-20 21:52:57,light rain,57.0531,-135.33,53.49,87,100,5.75
185,Dolores,AR,2022-07-20 21:50:33,scattered clouds,-36.3132,-57.6792,53.8,73,48,8.81
186,Saldanha,ZA,2022-07-20 21:54:59,clear sky,-33.0117,17.9442,39.25,64,0,10.89
187,Chuy,UY,2022-07-20 21:54:59,clear sky,-33.6971,-53.4616,55.89,95,2,6.49
188,Dunedin,NZ,2022-07-20 21:52:01,overcast clouds,-45.8742,170.5036,43.81,71,100,15.01
189,Shenjiamen,CN,2022-07-20 21:54:59,broken clouds,29.9576,122.298,78.49,94,55,5.03
190,Hilo,US,2022-07-20 21:55:00,scattered clouds,19.7297,-155.09,85.28,90,40,1.99
191,Provideniya,RU,2022-07-20 21:55:00,broken clouds,64.3833,-173.3,44.71,76,75,22.37
192,Luganville,VU,2022-07-20 21:55:00,scattered clouds,-15.5333,167.1667,81.19,80,44,9.37
193,Abonnema,NG,2022-07-20 21:55:01,overcast clouds,4.7084,6.7931,76.01,77,100,7.74
194,Gat,IL,2022-07-20 21:55:01,clear sky,31.61,34.7642,79.48,100,0,4.23
195,Yar-Sale,RU,2022-07-20 21:52:32,clear sky,66.8333,70.8333,48.11,76,7,9.53
196,Antalaha,MG,2022-07-20 21:55:01,light rain,-14.9003,50.2788,67.08,85,42,10.16
197,Sambava,MG,2022-07-20 21:55:02,light rain,-14.2667,50.1667,69.03,83,42,13.35
198,Kodiak,US,2022-07-20 21:55:02,overcast clouds,57.79,-152.4072,53.73,83,100,11.01
199,Severo-Kurilsk,RU,2022-07-20 21:55:02,light rain,50.6789,156.125,52.34,97,98,11.34
200,Abalak,RU,2022-07-20 21:55:03,light rain,58.1286,68.5944,59.49,96,100,2.55
201,Ilulissat,GL,2022-07-20 21:55:03,overcast clouds,69.2167,-51.1,48.88,63,100,6.62
202,Stokmarknes,NO,2022-07-20 21:55:03,overcast clouds,68.5646,14.9108,58.98,77,100,11.5
203,Torbay,CA,2022-07-20 21:55:04,broken clouds,47.6666,-52.7314,67.39,78,75,18.41
204,Sao Filipe,CV,2022-07-20 21:55:04,broken clouds,14.8961,-24.4956,76.51,88,75,5.82
205,Walvis Bay,NA,2022-07-20 21:50:30,clear sky,-22.9575,14.5053,55.09,82,0,4.61
206,Chumphon,TH,2022-07-20 21:55:04,light rain,10.3333,98.8333,70.81,97,100,5.41
207,Talnakh,RU,2022-07-20 21:55:05,overcast clouds,69.4865,88.3972,52.21,74,100,5.23
208,Nanortalik,GL,2022-07-20 21:55:05,few clouds,60.1432,-45.2371,50.36,85,16,13.94
209,Mahebourg,MU,2022-07-20 21:55:05,light intensity shower rain,-20.4081,57.7,68.29,83,75,24.16
210,Tual,ID,2022-07-20 21:55:06,overcast clouds,-5.6667,132.75,78.6,77,100,18.52
211,Alakurtti,RU,2022-07-20 21:55:06,overcast clouds,66.9672,30.3491,58.19,91,95,3.85
212,Kavaratti,IN,2022-07-20 21:55:06,light rain,10.5669,72.642,81.05,79,100,19.33
213,Haines Junction,CA,2022-07-20 21:55:06,overcast clouds,60.7522,-137.5108,55.35,54,100,6.91
214,Olinda,BR,2022-07-20 21:55:07,mist,-8.0089,-34.8553,74.93,88,100,12.66
215,Sobolevo,RU,2022-07-20 21:55:07,overcast clouds,54.4299,31.8996,59.27,60,95,14.83
216,Sapa,PH,2022-07-20 21:55:07,broken clouds,5.1544,120.3241,80.69,79,53,2.24
217,Lata,PT,2022-07-20 21:55:08,clear sky,40.1629,-8.3327,60.6,89,0,1.63
218,Karoi,ZW,2022-07-20 21:55:08,overcast clouds,-16.8099,29.6925,60.49,64,91,6.4
219,Saint-Georges,GD,2022-07-20 21:55:08,scattered clouds,12.0564,-61.7485,80.28,83,40,8.05
220,Nakuru,KE,2022-07-20 21:55:09,overcast clouds,-0.2833,36.0667,57.99,79,100,7.78
221,Anloga,GH,2022-07-20 21:55:09,scattered clouds,5.7947,0.8973,75.31,75,32,10.76
222,Paamiut,GL,2022-07-20 21:50:56,overcast clouds,61.994,-49.6678,50.22,84,90,15.32
223,Adre,TD,2022-07-20 21:55:09,overcast clouds,13.4667,22.2,74.57,70,100,9.4
224,Harper,LR,2022-07-20 21:55:10,overcast clouds,4.375,-7.7169,75.38,71,99,8.66
225,Homer,US,2022-07-20 21:55:10,overcast clouds,59.6425,-151.5483,59.04,86,85,11.99
226,Kamenka,RU,2022-07-20 21:55:10,light rain,51.3223,42.7678,56.64,89,78,8.03
227,Rocha,UY,2022-07-20 21:52:26,few clouds,-34.4833,-54.3333,55.67,91,13,7.54
228,Soe,ID,2022-07-20 21:55:11,overcast clouds,-9.8607,124.284,64.08,92,99,4.14
229,Tessalit,ML,2022-07-20 21:55:11,overcast clouds,20.1986,1.0114,75.7,70,99,12.57
230,Ajdabiya,LY,2022-07-20 21:55:11,clear sky,30.7554,20.2263,76.1,44,0,12.46
231,Tura,IN,2022-07-20 21:55:12,light rain,25.5198,90.2201,74.23,97,100,5.7
232,Macomer,IT,2022-07-20 21:56:12,clear sky,40.262,8.7699,75.34,64,0,1.72
233,Port Hedland,AU,2022-07-20 21:56:12,clear sky,-20.3167,118.5667,55.45,71,0,4.61
234,Udachnyy,RU,2022-07-20 21:56:12,light rain,66.4167,112.4,52.09,75,100,8.59
235,Pangnirtung,CA,2022-07-20 21:56:13,light rain,66.1451,-65.7125,50.0,76,100,5.75
236,Chapais,CA,2022-07-20 21:56:13,overcast clouds,49.7834,-74.8492,73.18,53,86,3.42
237,Zaykovo,RU,2022-07-20 21:56:13,clear sky,57.5613,62.7568,53.74,92,6,6.13
238,Carlos Antonio Lopez,PY,2022-07-20 21:56:14,few clouds,-26.4,-54.7667,68.07,80,13,3.13
239,Tiksi,RU,2022-07-20 21:56:14,overcast clouds,71.6872,128.8694,39.09,88,86,19.84
240,Carnarvon,AU,2022-07-20 21:56:14,scattered clouds,-24.8667,113.6333,71.64,76,42,13.96
241,Alofi,NU,2022-07-20 21:56:15,broken clouds,-19.0595,-169.9187,76.89,73,75,9.22
242,San Patricio,US,2022-07-20 21:52:24,few clouds,28.017,-97.5169,95.72,50,19,20.96
243,Butaritari,KI,2022-07-20 21:56:15,light rain,3.0707,172.7902,81.28,78,70,7.76
244,Chico,US,2022-07-20 21:51:17,clear sky,39.7285,-121.8375,105.22,16,0,6.91
245,Madimba,TZ,2022-07-20 21:56:16,light rain,-10.4,40.3333,69.39,85,19,7.72
246,Esna,EG,2022-07-20 21:56:16,clear sky,25.2934,32.554,91.42,21,0,12.12
247,Lincoln,US,2022-07-20 21:54:55,clear sky,40.8,-96.667,95.0,36,0,10.0
248,Berlevag,NO,2022-07-20 21:56:16,broken clouds,70.8578,29.0864,55.2,90,56,5.01
249,Kieta,PG,2022-07-20 21:56:17,overcast clouds,-6.2167,155.6333,81.55,75,96,2.24
250,Qaqortoq,GL,2022-07-20 21:56:17,broken clouds,60.7167,-46.0333,53.98,80,81,5.99
251,Katangli,RU,2022-07-20 21:56:17,overcast clouds,51.7102,143.2326,52.99,99,100,9.13
252,Chirongui,YT,2022-07-20 21:56:18,clear sky,-12.9319,45.1483,69.73,63,1,4.21
253,Myanaung,MM,2022-07-20 21:56:18,light rain,18.2833,95.3167,80.65,86,100,2.42
254,Okha,RU,2022-07-20 21:56:18,overcast clouds,53.5739,142.9478,57.36,91,100,11.03
255,Turukhansk,RU,2022-07-20 21:56:18,overcast clouds,65.8167,87.9833,47.79,95,100,7.61
256,Giddarbaha,IN,2022-07-20 21:56:19,overcast clouds,30.2,74.6667,81.79,83,99,10.36
257,Tasiilaq,GL,2022-07-20 21:56:19,broken clouds,65.6145,-37.6368,38.66,81,66,1.19
258,Mizdah,LY,2022-07-20 21:56:19,clear sky,31.4451,12.9801,75.18,57,9,12.59
259,Lufilufi,WS,2022-07-20 21:56:20,light rain,-13.8745,-171.5986,83.98,77,34,24.9
260,Behshahr,IR,2022-07-20 21:56:20,clear sky,36.6923,53.5526,76.26,87,0,1.12
261,Sangar,RU,2022-07-20 21:56:20,light rain,63.9242,127.4739,64.42,90,100,3.87
262,Garowe,SO,2022-07-20 21:56:21,broken clouds,8.4054,48.4845,77.18,44,69,13.09
263,Fukue,JP,2022-07-20 21:56:21,light rain,32.6881,128.8419,80.87,92,100,18.1
264,Smolenka,RU,2022-07-20 21:56:21,clear sky,52.1352,113.4974,57.27,88,6,6.71
265,Shu,KZ,2022-07-20 21:56:22,clear sky,43.5983,73.7614,72.28,19,0,3.06
266,Kruisfontein,ZA,2022-07-20 21:56:22,overcast clouds,-34.0033,24.7314,53.89,91,95,4.54
267,Aitape,PG,2022-07-20 21:56:22,overcast clouds,-3.1374,142.3475,77.05,86,100,4.54
268,Terney,RU,2022-07-20 21:56:23,broken clouds,45.0503,136.6092,63.19,91,67,3.38
269,Bosaso,SO,2022-07-20 21:56:23,broken clouds,11.2842,49.1816,87.15,43,78,16.91
270,Slave Lake,CA,2022-07-20 21:56:23,clear sky,55.2834,-114.769,73.38,38,0,19.57
271,Santa Lucia,ES,2022-07-20 21:55:59,clear sky,27.9117,-15.5407,69.12,65,0,27.63
272,Huadian,CN,2022-07-20 21:56:24,overcast clouds,42.9633,126.7478,66.36,98,100,2.08
273,Troyes,FR,2022-07-20 21:56:24,clear sky,48.3333,4.0833,64.45,88,0,2.3
274,Pyinmana,MM,2022-07-20 21:57:25,overcast clouds,19.7333,96.2167,75.78,97,100,2.59
275,San Quintin,MX,2022-07-20 21:57:25,broken clouds,30.4833,-115.95,75.51,64,72,12.86
276,Vila Velha,BR,2022-07-20 21:57:25,clear sky,-20.3297,-40.2925,73.35,81,0,9.22
277,San Policarpo,PH,2022-07-20 21:57:26,moderate rain,12.1791,125.5072,81.99,79,91,3.89
278,Avera,US,2022-07-20 21:57:20,overcast clouds,33.194,-82.5271,91.38,52,100,10.71
279,Kenai,US,2022-07-20 21:52:35,overcast clouds,60.5544,-151.2583,55.49,91,100,13.8
280,Queanbeyan,AU,2022-07-20 21:57:26,scattered clouds,-35.35,149.2333,46.62,94,40,6.91
281,Dzerzhinskoye,RU,2022-07-20 21:57:26,broken clouds,56.8344,95.2283,53.19,94,66,4.88
282,Panama City,PA,2022-07-20 21:57:27,thunderstorm,8.9936,-79.5197,85.95,83,40,19.57
283,Grindavik,IS,2022-07-20 21:56:48,scattered clouds,63.8424,-22.4338,53.55,87,40,16.11
284,Kuala Terengganu,MY,2022-07-20 21:57:27,thunderstorm with rain,5.3302,103.1408,76.95,100,40,8.05
285,Concarneau,FR,2022-07-20 21:57:27,broken clouds,47.875,-3.9225,63.82,74,65,9.66
286,Ciudad Bolivar,VE,2022-07-20 21:57:28,broken clouds,8.1222,-63.5497,84.72,67,82,3.87
287,Les Cayes,HT,2022-07-20 21:57:28,clear sky,18.2,-73.75,85.01,64,0,9.91
288,Mogadishu,SO,2022-07-20 21:57:28,light rain,2.0371,45.3438,74.95,83,96,19.62
289,Morgan City,US,2022-07-20 21:57:29,broken clouds,29.6994,-91.2068,94.01,58,70,11.07
290,Matamoros,MX,2022-07-20 21:57:15,clear sky,25.5333,-103.25,101.44,13,2,6.71
291,Half Moon Bay,US,2022-07-20 21:57:29,scattered clouds,37.4636,-122.4286,89.55,67,40,16.11
292,Samarai,PG,2022-07-20 21:57:29,scattered clouds,-10.6167,150.6667,80.94,78,30,9.6
293,Laureles,US,2022-07-20 21:57:30,clear sky,26.1092,-97.4941,96.94,64,0,17.0
294,Sorland,NO,2022-07-20 21:57:30,overcast clouds,67.667,12.6934,53.46,85,99,17.67
295,Guhagar,IN,2022-07-20 21:57:30,broken clouds,17.4842,73.1929,78.39,87,76,10.36
296,Trelew,AR,2022-07-20 21:57:31,overcast clouds,-43.249,-65.3051,47.57,37,100,21.74
297,Willowmore,ZA,2022-07-20 21:57:31,few clouds,-33.2926,23.4895,43.45,89,16,1.41
298,Dikson,RU,2022-07-20 21:57:05,scattered clouds,73.5069,80.5464,41.02,75,33,25.64
299,Sassandra,CI,2022-07-20 21:57:31,scattered clouds,4.95,-6.0833,73.53,77,48,5.99
300,Mildura,AU,2022-07-20 21:57:32,overcast clouds,-34.2,142.15,43.07,88,92,13.33
301,Bemidji,US,2022-07-20 21:57:32,clear sky,47.4736,-94.8803,84.06,53,0,19.57
302,San Andres,CO,2022-07-20 21:57:32,broken clouds,12.5847,-81.7006,87.82,66,75,13.8
303,Hanzhong,CN,2022-07-20 21:57:33,clear sky,33.0728,107.0303,67.93,90,4,0.74
304,Abu Dhabi,AE,2022-07-20 21:57:15,clear sky,24.4667,54.3667,95.02,68,0,3.44
305,Norman Wells,CA,2022-07-20 21:57:33,broken clouds,65.282,-126.8329,75.24,31,75,6.91
306,Danilovka,RU,2022-07-20 21:57:33,broken clouds,50.3557,44.1168,63.77,58,71,5.64
307,Byron Bay,AU,2022-07-20 21:53:56,light rain,-28.65,153.6167,55.94,73,100,19.04
308,Aksarka,RU,2022-07-20 21:57:34,overcast clouds,66.5606,67.7975,55.47,73,99,7.67
309,La Ronge,CA,2022-07-20 21:57:34,broken clouds,55.1001,-105.2842,70.02,67,75,14.97
310,Maumere,ID,2022-07-20 21:57:34,overcast clouds,-8.6199,122.2111,74.44,78,88,7.07
311,Atocha,BO,2022-07-20 21:57:34,broken clouds,-20.9333,-66.2333,52.7,29,65,12.64
312,Beloha,MG,2022-07-20 21:57:35,clear sky,-25.1667,45.05,63.18,65,0,7.16
313,Yomou,GN,2022-07-20 21:57:35,light rain,7.5603,-9.2653,68.2,98,100,3.27
314,Fortuna,US,2022-07-20 21:57:35,scattered clouds,40.5982,-124.1573,67.98,72,36,3.0
315,Amahai,ID,2022-07-20 21:57:36,broken clouds,-3.3333,128.9167,77.31,88,71,5.26
316,Mahibadhoo,MV,2022-07-20 21:57:36,overcast clouds,3.7833,72.9667,80.67,75,100,13.33
317,Hofn,IS,2022-07-20 21:57:36,overcast clouds,64.2539,-15.2082,52.54,74,100,5.28
318,Kerouane,GN,2022-07-20 21:57:37,light rain,9.2667,-9.0167,68.95,98,100,3.67
319,Atar,MR,2022-07-20 21:58:37,scattered clouds,20.5169,-13.0499,96.4,14,43,6.2
320,Muroto,JP,2022-07-20 21:58:37,overcast clouds,33.2833,134.15,79.27,75,100,2.62
321,Khuzhir,RU,2022-07-20 21:58:37,broken clouds,53.1939,107.3397,53.33,86,54,3.4
322,Southbridge,US,2022-07-20 21:58:38,broken clouds,42.0751,-72.0334,95.27,59,52,0.74
323,Hualmay,PE,2022-07-20 21:58:38,scattered clouds,-11.0964,-77.6139,64.4,75,33,11.14
324,Wonosobo,ID,2022-07-20 21:58:38,overcast clouds,-7.36,109.9025,65.17,95,88,3.0
325,Brae,GB,2022-07-20 21:58:39,overcast clouds,60.3964,-1.353,54.95,90,98,13.27
326,Northam,GB,2022-07-20 21:58:39,clear sky,51.0333,-4.2167,62.62,76,9,12.77
327,Codrington,AU,2022-07-20 21:58:39,clear sky,-38.2667,141.9667,38.19,80,0,7.81
328,Kabalo,CD,2022-07-20 21:58:40,scattered clouds,-6.05,26.9167,78.53,37,28,4.34
329,Morrinhos,BR,2022-07-20 21:58:40,clear sky,-17.7311,-49.0994,69.89,34,7,6.78
330,Benguela,AO,2022-07-20 21:58:40,scattered clouds,-12.5763,13.4055,66.54,91,39,1.21
331,Kasane,BW,2022-07-20 21:58:40,broken clouds,-17.8167,25.15,62.29,64,63,4.29
332,Rawson,AR,2022-07-20 21:58:41,overcast clouds,-43.3002,-65.1023,47.71,43,100,22.73
333,Korla,CN,2022-07-20 21:58:41,clear sky,41.7597,86.1469,66.92,50,0,2.46
334,Kuteynykove,UA,2022-07-20 21:58:41,overcast clouds,47.8123,38.2882,67.1,51,88,10.16
335,Bulgan,MN,2022-07-20 21:58:42,overcast clouds,48.8125,103.5347,53.47,88,100,2.95
336,Margate,GB,2022-07-20 21:58:42,scattered clouds,51.3813,1.3862,68.7,77,25,3.0
337,Oeiras Do Para,BR,2022-07-20 21:58:42,broken clouds,-2.0031,-49.8544,80.98,66,62,3.29
338,Kyzyl-Suu,KG,2022-07-20 21:58:43,clear sky,42.3414,78.0056,59.76,33,0,5.39
339,Anadyr,RU,2022-07-20 21:58:43,few clouds,64.75,177.4833,46.9,65,20,11.18
340,Hamilton,US,2022-07-20 21:56:52,clear sky,39.1834,-84.5333,94.21,64,0,5.01
341,Voznesenye,RU,2022-07-20 21:58:43,clear sky,61.0106,35.4781,63.95,90,5,11.63
342,Chokurdakh,RU,2022-07-20 21:58:44,overcast clouds,70.6333,147.9167,45.36,67,89,8.75
343,Saint-Augustin,CA,2022-07-20 21:58:44,overcast clouds,51.226,-58.6502,56.91,87,100,14.16
344,Royan,FR,2022-07-20 21:58:44,clear sky,45.6285,-1.0281,65.79,88,2,7.25
345,Gwembe,ZM,2022-07-20 21:58:44,broken clouds,-16.4975,27.6069,58.93,70,60,3.96
346,Okmulgee,US,2022-07-20 21:58:45,clear sky,35.6234,-95.9605,105.84,41,0,8.05
347,Masindi,UG,2022-07-20 21:58:45,broken clouds,1.6744,31.715,65.48,66,71,3.11
348,Icod De Los Vinos,ES,2022-07-20 21:58:45,clear sky,28.3724,-16.7119,83.34,53,8,14.12
349,Parkes,AU,2022-07-20 21:58:46,overcast clouds,-33.1333,148.1833,50.36,63,94,8.95
350,Bakchar,RU,2022-07-20 21:58:46,overcast clouds,57.0186,82.0711,56.64,85,100,3.33
351,Redlands,US,2022-07-20 21:58:46,scattered clouds,34.0556,-117.1825,102.52,21,40,10.36
352,Goure,NE,2022-07-20 21:58:47,overcast clouds,13.9835,10.2704,79.23,61,100,6.15
353,Vilyuysk,RU,2022-07-20 21:58:47,overcast clouds,63.7553,121.6247,60.24,85,100,3.71
354,Tsalenjikha,GE,2022-07-20 21:58:47,overcast clouds,42.6044,42.0682,67.05,98,100,1.36
355,Mitchell,US,2022-07-20 21:57:54,clear sky,43.7094,-98.0298,94.1,34,0,3.0
356,Djibo,BF,2022-07-20 21:58:48,overcast clouds,14.1022,-1.6306,84.83,57,90,14.03
357,Abapo,BO,2022-07-20 21:58:48,scattered clouds,-18.8333,-63.4667,72.66,53,43,7.07
358,Moissala,TD,2022-07-20 21:58:48,broken clouds,8.3404,17.7663,71.15,96,58,3.74
359,Asau,RO,2022-07-20 21:58:49,few clouds,46.4333,26.4,70.72,61,19,5.55
360,Nabire,ID,2022-07-20 21:58:49,overcast clouds,-3.3667,135.4833,74.14,91,86,4.38
361,Colares,PT,2022-07-20 21:58:49,clear sky,38.7992,-9.4469,71.28,71,0,18.99
362,Hami,CN,2022-07-20 21:58:49,few clouds,42.8,93.45,64.92,57,24,2.73
363,Rudnogorsk,RU,2022-07-20 21:58:50,overcast clouds,57.2639,103.7519,54.52,85,100,3.74
364,Jibuti,DJ,2022-07-20 21:58:06,overcast clouds,11.5,42.5,84.36,43,99,14.61
365,Abnub,EG,2022-07-20 21:58:50,clear sky,27.2696,31.1511,86.22,23,4,8.75
366,Dok Kham Tai,TH,2022-07-20 21:58:50,heavy intensity rain,19.1624,99.9934,72.91,99,100,1.23
367,Sioux Lookout,CA,2022-07-20 21:58:51,few clouds,50.1001,-91.917,78.87,57,20,12.66
368,Atlantis,ZA,2022-07-20 21:59:51,clear sky,-33.5667,18.4834,46.98,78,0,3.83
369,Puerto Ayacucho,VE,2022-07-20 21:59:51,broken clouds,5.6639,-67.6236,80.53,78,58,2.37
370,Kanina,CD,2022-07-20 21:59:52,broken clouds,-10.7341,25.4699,64.98,50,81,3.78
371,Majene,ID,2022-07-20 21:59:52,few clouds,-3.5403,118.9707,76.53,90,12,4.59
372,San Julian,MX,2022-07-20 21:59:52,overcast clouds,21.0167,-102.1667,84.45,26,92,3.87
373,Forbes,AU,2022-07-20 21:57:49,overcast clouds,-33.3833,148.0167,51.93,85,89,7.45
374,Haldibari,IN,2022-07-20 21:59:53,heavy intensity rain,26.3333,88.7667,78.62,91,100,5.32
375,Jumla,NP,2022-07-20 21:59:53,overcast clouds,29.2747,82.1838,63.73,97,100,1.45
376,Longavi,CL,2022-07-20 21:59:53,clear sky,-35.9667,-71.6833,51.06,85,2,3.02
377,Petropavlovsk-Kamchatskiy,RU,2022-07-20 21:59:54,overcast clouds,53.0452,158.6483,54.19,94,100,2.24
378,Banepa,NP,2022-07-20 21:59:54,broken clouds,27.6298,85.5214,68.32,100,75,0.0
379,Naantali,FI,2022-07-20 21:59:54,clear sky,60.4674,22.0243,63.1,100,0,1.14
380,Aswan,EG,2022-07-20 21:59:55,clear sky,24.0934,32.907,94.3,21,0,8.05
381,Manbij,SY,2022-07-20 21:59:55,clear sky,36.5281,37.9549,78.15,47,0,17.2
382,Claremore,US,2022-07-20 21:59:55,few clouds,36.3126,-95.6161,108.3,31,19,1.01
383,Cradock,ZA,2022-07-20 21:59:56,scattered clouds,-32.1642,25.6192,48.56,88,35,4.27
384,Elko,US,2022-07-20 21:59:56,broken clouds,41.0002,-115.5012,97.74,16,64,11.01
385,Dourbali,TD,2022-07-20 21:59:56,moderate rain,11.8091,15.8632,75.94,84,68,1.1
386,Fairfield,US,2022-07-20 21:59:57,scattered clouds,41.2668,-73.3162,96.51,52,37,8.41
387,Muzhi,RU,2022-07-20 21:59:57,overcast clouds,65.3667,64.6667,57.94,69,100,3.65
388,Acapulco,MX,2022-07-20 21:57:15,scattered clouds,16.8634,-99.8901,87.46,71,45,7.11
389,Aykhal,RU,2022-07-20 21:59:57,overcast clouds,66.0,111.5,52.66,63,100,3.8
390,Gulu,UG,2022-07-20 21:59:58,broken clouds,2.7746,32.299,63.57,92,70,4.18
391,Nikolskoye,RU,2022-07-20 21:58:41,overcast clouds,59.7035,30.7861,67.87,70,100,8.86
392,Bayan,CN,2022-07-20 21:59:58,clear sky,46.0833,127.4,70.29,88,3,2.71
393,Puerto Cabello,VE,2022-07-20 21:59:58,few clouds,10.4731,-68.0125,80.71,82,22,12.1
394,Kahului,US,2022-07-20 21:59:59,scattered clouds,20.8947,-156.47,82.98,66,45,15.73
395,Mount Gambier,AU,2022-07-20 21:59:45,clear sky,-37.8333,140.7667,39.22,82,3,5.53
396,Gawler,AU,2022-07-20 21:59:59,few clouds,-34.6,138.7333,48.47,80,20,9.17
397,Eurajoki,FI,2022-07-20 21:59:59,broken clouds,61.2,21.7333,60.82,90,71,5.46
398,Skibbereen,IE,2022-07-20 21:59:59,few clouds,51.55,-9.2667,59.11,80,24,7.92
399,Belmonte,BR,2022-07-20 21:56:44,clear sky,-15.8631,-38.8828,71.94,80,4,8.77
400,Valsamata,GR,2022-07-20 22:00:00,clear sky,38.1667,20.6,72.61,52,0,4.81
401,Bandarbeyla,SO,2022-07-20 22:00:00,broken clouds,9.4942,50.8122,74.05,86,61,27.16
402,Mangaratiba,BR,2022-07-20 22:00:01,scattered clouds,-22.9597,-44.0406,68.31,90,46,1.88
403,Alcudia,ES,2022-07-20 22:00:01,clear sky,39.8532,3.1214,84.2,72,0,3.13
404,Thionville,FR,2022-07-20 22:00:01,broken clouds,49.3333,6.3333,65.59,94,78,4.03
405,Armidale,AU,2022-07-20 21:57:42,overcast clouds,-30.5167,151.65,43.05,91,93,12.41
406,Deputatskiy,RU,2022-07-20 22:00:02,overcast clouds,69.3,139.9,38.93,87,90,5.77
407,Rybnoye,RU,2022-07-20 22:00:03,scattered clouds,54.7256,39.5119,52.88,95,41,5.93
408,Henties Bay,NA,2022-07-20 22:00:03,clear sky,-22.116,14.2845,54.84,87,0,6.44
409,Champerico,GT,2022-07-20 22:00:03,overcast clouds,14.3,-91.9167,85.17,72,96,9.13
410,Khorixas,NA,2022-07-20 22:00:04,clear sky,-20.3667,14.9667,59.23,35,0,0.54
411,Khandela,IN,2022-07-20 22:00:04,overcast clouds,27.6,75.5,82.89,73,100,5.37
412,Kudahuvadhoo,MV,2022-07-20 22:00:04,heavy intensity rain,2.6708,72.8944,80.33,71,100,16.55
413,Keflavik,IS,2022-07-20 22:01:05,scattered clouds,64.0049,-22.5624,50.43,87,40,16.11
414,Toufen,TW,2022-07-20 22:01:05,broken clouds,24.6865,120.9127,82.36,81,74,7.29
415,Oktyabrskiy,RU,2022-07-20 22:01:06,overcast clouds,54.4815,53.471,59.54,75,98,4.16
416,Kangaatsiaq,GL,2022-07-20 22:01:06,overcast clouds,68.3065,-53.4641,46.11,78,100,4.65
417,Hellvik,NO,2022-07-20 22:01:06,light rain,59.9156,5.781,64.78,94,100,4.0
418,Moerai,PF,2022-07-20 22:01:07,light rain,-22.4333,-151.3333,70.97,73,100,34.52
419,Tabou,CI,2022-07-20 22:01:07,overcast clouds,4.423,-7.3528,75.47,72,100,8.57
420,Kurchum,KZ,2022-07-20 22:01:07,overcast clouds,48.5722,83.6542,68.68,36,100,5.7
421,Ergani,TR,2022-07-20 22:01:08,clear sky,38.2653,39.7621,78.6,21,0,4.88
422,Mweka,CD,2022-07-20 22:01:08,scattered clouds,-4.85,21.5667,73.8,50,40,0.02
423,Ternate,ID,2022-07-20 22:01:09,overcast clouds,0.8,127.4,79.93,81,100,2.44
424,Rock Springs,US,2022-07-20 22:01:09,clear sky,41.5875,-109.2029,90.84,12,0,17.27
425,Guarapari,BR,2022-07-20 22:01:09,clear sky,-20.6667,-40.4975,71.89,90,0,1.7
426,Port-Gentil,GA,2022-07-20 22:01:09,broken clouds,-0.7193,8.7815,75.16,88,75,6.91
427,Carutapera,BR,2022-07-20 22:01:10,broken clouds,-1.195,-46.02,75.85,88,80,5.82
428,Janesville,US,2022-07-20 21:59:23,scattered clouds,42.6828,-89.0187,83.14,62,40,3.0
429,Bonfim,BR,2022-07-20 22:01:10,overcast clouds,3.0833,-59.95,80.29,79,99,1.99
430,Bahia De Caraquez,EC,2022-07-20 22:01:10,broken clouds,-0.6,-80.4167,74.07,80,79,11.05
431,Najran,SA,2022-07-20 22:01:11,overcast clouds,17.4924,44.1277,79.83,49,100,10.94
432,Bubaque,GW,2022-07-20 22:01:11,moderate rain,11.2833,-15.8333,76.64,92,100,16.91
433,Isangel,VU,2022-07-20 22:01:11,broken clouds,-19.55,169.2667,79.14,77,78,11.5
434,Moose Factory,CA,2022-07-20 22:01:12,haze,51.2585,-80.6094,67.98,77,100,13.8
435,Husavik,IS,2022-07-20 22:01:12,overcast clouds,66.0449,-17.3389,45.7,90,100,5.68
436,Great Falls,US,2022-07-20 22:00:00,clear sky,47.5002,-111.3008,89.69,26,0,10.71
437,Sibolga,ID,2022-07-20 22:01:12,broken clouds,1.7427,98.7792,75.15,86,63,3.31
438,Buchanan,LR,2022-07-20 21:59:17,overcast clouds,5.8808,-10.0467,74.3,82,98,10.87
439,Guerrero Negro,MX,2022-07-20 22:01:13,few clouds,27.9769,-114.0611,83.34,44,14,15.99
440,Umea,SE,2022-07-20 22:01:13,clear sky,63.8284,20.2597,55.9,94,0,0.0
441,Corowa,AU,2022-07-20 22:01:13,scattered clouds,-36.0333,146.3833,39.67,71,36,6.49
442,Vanavara,RU,2022-07-20 22:01:14,scattered clouds,60.34,102.2797,53.74,90,47,3.8
443,Hvolsvollur,IS,2022-07-20 22:01:14,broken clouds,63.7533,-20.2243,51.93,79,62,5.77
444,Tha Mai,TH,2022-07-20 22:01:14,moderate rain,12.6214,102.0048,80.08,93,100,6.87
445,Sinnamary,GF,2022-07-20 22:01:05,clear sky,5.3833,-52.95,78.06,82,7,7.47
446,Vardo,NO,2022-07-20 22:01:15,mist,70.3705,31.1107,51.78,93,100,0.0
447,Buala,SB,2022-07-20 22:01:15,overcast clouds,-8.145,159.5921,81.61,77,100,6.8
448,Lompoc,US,2022-07-20 22:01:15,scattered clouds,34.6391,-120.4579,94.78,62,26,8.01
449,Alta Floresta,BR,2022-07-20 21:57:12,clear sky,-9.8756,-56.0861,91.22,27,0,3.44
450,Los Llanos De Aridane,ES,2022-07-20 22:01:16,clear sky,28.6585,-17.9182,69.55,83,9,17.27
451,Kaabong,UG,2022-07-20 22:01:16,light rain,3.4836,34.1492,64.27,77,91,8.05
452,Nisia Floresta,BR,2022-07-20 22:01:16,broken clouds,-6.0911,-35.2086,76.01,92,79,6.67
453,Port Macquarie,AU,2022-07-20 22:01:17,broken clouds,-31.4333,152.9167,53.49,100,75,2.3
454,Maralal,KE,2022-07-20 22:01:17,overcast clouds,1.0968,36.698,57.83,75,89,4.76
455,Meulaboh,ID,2022-07-20 22:01:17,overcast clouds,4.1363,96.1285,75.24,85,99,4.03
456,Bonthe,SL,2022-07-20 21:57:18,overcast clouds,7.5264,-12.505,75.22,87,100,10.47
457,Conceicao Do Araguaia,BR,2022-07-20 22:01:18,clear sky,-8.2578,-49.2647,80.92,34,2,3.0
458,Binzhou,CN,2022-07-20 22:01:18,scattered clouds,37.3667,118.0167,69.3,92,36,2.62
459,Vanimo,PG,2022-07-20 22:02:18,overcast clouds,-2.6741,141.3028,76.42,88,100,3.49
460,Tamworth,GB,2022-07-20 22:02:19,overcast clouds,52.634,-1.6959,64.83,75,93,5.01
461,Anderson,US,2022-07-20 22:02:19,scattered clouds,34.5334,-82.6499,88.68,77,40,10.36
462,Colesberg,ZA,2022-07-20 22:02:19,broken clouds,-30.72,25.0972,52.07,48,78,3.49
463,Guaratingueta,BR,2022-07-20 22:02:20,scattered clouds,-22.8164,-45.1925,63.12,89,33,2.91
464,Coahuayana,MX,2022-07-20 22:02:20,scattered clouds,18.7333,-103.6833,92.23,57,47,6.62
465,Tianpeng,CN,2022-07-20 22:02:20,overcast clouds,30.9866,103.9393,71.42,88,97,3.0
466,Fare,PF,2022-07-20 22:02:21,clear sky,-16.7,-151.0167,77.43,71,0,10.27
467,Cayenne,GF,2022-07-20 22:00:01,scattered clouds,4.9333,-52.3333,82.44,1,40,8.05
468,Redmond,US,2022-07-20 22:00:02,clear sky,47.674,-122.1215,89.67,50,0,5.01
469,Sovetskiy,RU,2022-07-20 22:02:21,overcast clouds,61.3614,63.5842,58.8,89,99,7.09
470,Ixtapa,MX,2022-07-20 22:02:22,overcast clouds,20.7,-105.2,91.22,74,100,5.99
471,Tirunelveli,IN,2022-07-20 22:00:29,overcast clouds,8.7333,77.7,80.87,69,99,7.63
472,Mandan,US,2022-07-20 22:02:22,clear sky,46.8267,-100.8896,88.81,44,0,20.71
473,Porbandar,IN,2022-07-20 22:02:22,broken clouds,21.6422,69.6093,80.58,86,76,15.3
474,Santa Maria,BR,2022-07-20 22:02:23,clear sky,-29.6842,-53.8069,64.53,93,9,5.48
475,Boa Vista,BR,2022-07-20 21:58:51,few clouds,2.8197,-60.6733,85.98,58,20,3.44
476,Salym,RU,2022-07-20 22:02:23,broken clouds,60.0625,71.4789,56.35,89,70,4.0
477,Bulungu,CD,2022-07-20 22:02:23,broken clouds,-4.55,18.6,79.68,51,71,2.1
478,Qui Nhon,VN,2022-07-20 22:02:24,overcast clouds,13.7667,109.2333,77.07,87,100,7.11
479,Bilibino,RU,2022-07-20 22:02:24,overcast clouds,68.0546,166.4372,47.77,59,96,3.44
480,Riyadh,SA,2022-07-20 21:58:40,broken clouds,24.6877,46.7219,95.14,10,75,8.48
481,Praia Da Vitoria,PT,2022-07-20 22:02:24,broken clouds,38.7333,-27.0667,72.75,91,61,1.59
482,Capinopolis,BR,2022-07-20 22:02:25,broken clouds,-18.6819,-49.5697,74.97,29,51,6.26
483,Te Anau,NZ,2022-07-20 22:02:25,overcast clouds,-45.4167,167.7167,39.88,91,97,2.98
484,Kirakira,SB,2022-07-20 22:02:25,broken clouds,-10.4544,161.9205,82.09,75,77,7.4
485,Saint Paul,US,2022-07-20 22:00:34,clear sky,44.9444,-93.0933,89.65,34,0,18.41
486,Mount Isa,AU,2022-07-20 22:02:26,clear sky,-20.7333,139.5,49.77,46,0,5.75
487,Vitoria,BR,2022-07-20 22:02:26,clear sky,-20.3194,-40.3378,71.85,82,2,1.01
488,Lubao,PH,2022-07-20 22:02:26,overcast clouds,14.9167,120.55,78.57,88,89,4.68
489,Sharjah,AE,2022-07-20 22:02:27,overcast clouds,25.3573,55.4033,94.69,59,85,8.21
490,Suffolk,US,2022-07-20 22:02:27,clear sky,40.8668,-72.7996,93.11,71,0,9.22
491,Mangrol,IN,2022-07-20 22:02:27,broken clouds,21.1167,70.1167,80.24,86,82,17.94
492,Nueva Germania,PY,2022-07-20 22:02:27,overcast clouds,-23.9,-56.5667,77.16,34,94,4.72
493,Minab,IR,2022-07-20 22:02:28,overcast clouds,27.1467,57.0801,88.86,75,95,4.34
494,Muisne,EC,2022-07-20 22:02:28,overcast clouds,0.6,-80.0333,74.61,83,97,10.96
495,Ilinge,ZA,2022-07-20 22:02:28,broken clouds,-31.9768,27.0427,49.21,84,80,2.06
496,Rabo De Peixe,PT,2022-07-20 22:02:29,broken clouds,37.8,-25.5833,69.31,88,75,4.61
497,Chivay,PE,2022-07-20 22:02:29,scattered clouds,-15.6383,-71.6011,55.87,28,34,4.0
498,Leshukonskoye,RU,2022-07-20 22:02:29,broken clouds,64.8989,45.7622,60.57,72,59,2.44
499,Pacifica,US,2022-07-20 22:00:40,few clouds,37.6138,-122.4869,86.05,79,20,27.63
500,Shelopugino,RU,2022-07-20 22:02:30,overcast clouds,51.6514,117.5599,62.83,93,97,1.68
501,Mao,ES,2022-07-20 22:02:30,clear sky,39.8885,4.2658,81.16,74,0,8.05
502,Taltal,CL,2022-07-20 22:00:39,overcast clouds,-25.4,-70.4833,59.41,79,100,1.74
503,Outjo,NA,2022-07-20 22:02:31,clear sky,-20.1167,16.15,55.54,31,0,7.29
504,Shaoxing,CN,2022-07-20 22:02:31,overcast clouds,30.011,120.5715,85.95,80,100,3.87
505,Ust-Ilimsk,RU,2022-07-20 22:03:31,broken clouds,58.0006,102.6619,54.66,87,65,4.41
506,Bud,US,2022-07-20 22:03:32,clear sky,39.447,-86.1758,93.18,59,3,14.9
507,Catuday,PH,2022-07-20 22:03:32,moderate rain,16.2923,119.8062,81.95,77,100,6.62
508,Dingle,PH,2022-07-20 22:03:32,broken clouds,10.9995,122.6711,76.77,89,80,1.48
509,Tandil,AR,2022-07-20 22:03:25,broken clouds,-37.3217,-59.1332,56.68,67,52,8.03
510,Gap,FR,2022-07-20 22:03:32,scattered clouds,44.6667,6.0,55.13,63,34,4.23
511,Morehead,US,2022-07-20 22:03:33,clear sky,37.2711,-87.1764,96.85,60,0,6.91
512,Severo-Yeniseyskiy,RU,2022-07-20 22:03:33,broken clouds,60.3725,93.0408,47.1,96,64,4.59
513,Poum,NC,2022-07-20 22:03:33,overcast clouds,-20.2333,164.0167,76.19,84,100,8.99
514,Arica,CL,2022-07-20 22:00:39,overcast clouds,-18.475,-70.3042,60.35,80,94,4.59
515,Santa Rosa,PH,2022-07-20 22:03:00,moderate rain,14.3122,121.1114,80.58,91,100,4.56
516,Luancheng,CN,2022-07-20 22:03:34,clear sky,37.8792,114.6517,71.38,88,0,3.53
517,Pareora,NZ,2022-07-20 22:03:34,overcast clouds,-44.4871,171.2132,41.18,84,96,14.58
518,Lavrentiya,RU,2022-07-20 22:02:59,overcast clouds,65.5833,-171.0,40.59,81,100,25.86
519,Luderitz,NA,2022-07-20 22:03:35,clear sky,-26.6481,15.1594,56.61,61,3,16.51
520,Dossor,KZ,2022-07-20 22:03:35,light rain,47.5272,52.9811,69.87,55,100,22.37
521,Tecoanapa,MX,2022-07-20 22:03:35,overcast clouds,16.5167,-98.75,86.43,68,100,7.11
522,Boende,CD,2022-07-20 22:03:36,broken clouds,-0.2167,20.8667,75.0,81,57,1.59
523,Praia,CV,2022-07-20 22:00:00,broken clouds,14.9215,-23.5087,79.34,78,75,8.05
524,San Carlos De Bariloche,AR,2022-07-20 22:03:36,broken clouds,-41.1456,-71.3082,36.25,87,75,13.8
525,Chavakachcheri,LK,2022-07-20 22:03:36,few clouds,9.6579,80.1643,79.66,87,20,12.82
526,Staryy Nadym,RU,2022-07-20 22:03:37,clear sky,65.6118,72.6842,47.98,69,8,10.27
527,Palu,ID,2022-07-20 22:03:37,clear sky,-0.8917,119.8707,74.61,90,7,3.27
528,San Luis,AR,2022-07-20 22:01:32,clear sky,-33.295,-66.3356,55.42,45,0,8.59
529,Morondava,MG,2022-07-20 22:03:37,clear sky,-20.2833,44.2833,68.31,84,2,7.74
530,Rosehearty,GB,2022-07-20 22:03:38,overcast clouds,57.697,-2.1132,60.62,76,86,12.08
531,Linqiong,CN,2022-07-20 22:03:38,overcast clouds,30.4159,103.4609,73.18,91,100,1.03
532,Martapura,ID,2022-07-20 22:03:38,clear sky,-3.4167,114.85,75.29,100,4,1.14
533,Pemba,MZ,2022-07-20 22:03:39,broken clouds,-12.974,40.5178,74.25,64,79,7.52
534,Port Hardy,CA,2022-07-20 22:00:30,few clouds,50.6996,-127.4199,60.96,75,16,11.07
535,Havelock,US,2022-07-20 22:03:39,scattered clouds,34.8791,-76.9013,84.15,83,40,16.11
536,Minsk,BY,2022-07-20 22:01:40,clear sky,53.9,27.5667,55.15,81,1,11.3
537,Manokwari,ID,2022-07-20 22:03:39,overcast clouds,-0.8667,134.0833,78.53,78,85,6.87
538,Waingapu,ID,2022-07-20 22:03:40,few clouds,-9.6567,120.2641,70.63,81,21,8.05
539,Nipawin,CA,2022-07-20 22:03:40,broken clouds,53.3668,-104.0009,70.11,51,74,16.46
540,Dukat,RU,2022-07-20 22:03:40,overcast clouds,62.55,155.55,48.43,41,97,7.58
541,Wairoa,NZ,2022-07-20 22:03:41,few clouds,-39.0333,177.3667,52.56,65,23,4.0
542,Knysna,ZA,2022-07-20 22:03:41,scattered clouds,-34.0363,23.0471,52.38,89,29,4.56
543,Mantua,IT,2022-07-20 22:03:41,clear sky,45.1667,10.7833,83.44,64,0,3.0
544,Aden,YE,2022-07-20 22:00:24,overcast clouds,12.7794,45.0367,83.05,72,100,13.24
545,Kautokeino,NO,2022-07-20 21:59:30,overcast clouds,69.0125,23.0412,54.05,87,100,9.46
546,Arman,RU,2022-07-20 22:03:42,few clouds,59.7,150.1667,62.56,76,13,2.57
547,Shantipur,IN,2022-07-20 22:03:42,overcast clouds,23.25,88.4667,81.01,86,100,7.0
548,Arnedo,ES,2022-07-20 22:03:42,clear sky,42.2167,-2.1,67.5,68,0,4.97
549,Isla Mujeres,MX,2022-07-20 22:03:42,clear sky,21.2311,-86.731,87.85,69,5,9.1
550,Jalingo,NG,2022-07-20 22:03:43,light rain,8.8833,11.3667,73.38,92,99,3.58
551,Pisco,PE,2022-07-20 22:03:43,overcast clouds,-13.7,-76.2167,60.85,82,100,8.05
552,Nicoya,CR,2022-07-20 22:03:43,overcast clouds,10.1483,-85.452,78.8,90,100,4.47
553,Kisanga,TZ,2022-07-20 22:03:44,scattered clouds,-7.4362,37.7034,68.79,77,33,2.51
554,Mokhotlong,LS,2022-07-20 22:03:44,broken clouds,-29.2894,29.0675,39.22,73,53,4.5
555,Troitsko-Pechorsk,RU,2022-07-20 22:04:44,scattered clouds,62.7084,56.1964,55.81,95,37,3.31
556,Kushmurun,KZ,2022-07-20 22:04:45,few clouds,52.4503,64.6311,63.97,78,20,6.08
557,Tezu,IN,2022-07-20 22:04:45,overcast clouds,27.9167,96.1667,75.99,98,100,1.59
558,Yumen,CN,2022-07-20 22:04:45,overcast clouds,40.2833,97.2,60.19,56,99,18.92
559,Issoudun,FR,2022-07-20 22:04:46,clear sky,47.0,1.8333,67.69,73,0,11.5
560,Loiza,PR,2022-07-20 22:04:46,scattered clouds,18.4313,-65.8802,85.8,84,40,16.11
561,Karratha,AU,2022-07-20 22:04:46,clear sky,-20.7377,116.8463,65.84,63,4,6.87
562,Cacu,BR,2022-07-20 22:04:47,broken clouds,-18.5567,-51.1308,73.49,29,55,5.75
563,Vila Franca Do Campo,PT,2022-07-20 22:04:47,broken clouds,37.7167,-25.4333,70.21,84,53,1.77
564,Prince Rupert,CA,2022-07-20 22:04:47,scattered clouds,54.3161,-130.3201,59.09,67,40,6.91
565,Nortelandia,BR,2022-07-20 22:04:48,overcast clouds,-14.4547,-56.8028,81.16,30,94,3.78
566,Nouadhibou,MR,2022-07-20 22:04:48,few clouds,20.931,-17.0347,68.14,95,20,11.43
567,Oktyabrskoye,RU,2022-07-20 22:04:48,fog,43.0645,44.7417,60.94,100,43,0.0
568,Phan Thiet,VN,2022-07-20 22:04:48,overcast clouds,10.9333,108.1,76.19,89,100,1.61
569,Quimper,FR,2022-07-20 22:04:49,overcast clouds,48.0,-4.1,63.18,82,100,6.91
570,Krutikha,RU,2022-07-20 22:04:49,light rain,53.9599,81.2093,61.52,72,100,6.11
571,Mbigou,GA,2022-07-20 22:04:49,overcast clouds,-1.9005,11.906,68.25,86,100,3.44
572,Vaitape,PF,2022-07-20 22:04:50,clear sky,-16.5167,-151.75,78.01,65,0,9.6
573,Ballangen,NO,2022-07-20 22:04:50,broken clouds,68.3428,16.8315,57.42,88,75,8.05
574,Sept-Iles,CA,2022-07-20 22:04:50,scattered clouds,50.2001,-66.3821,79.05,43,27,5.01
575,West Bay,KY,2022-07-20 22:01:49,clear sky,19.3667,-81.4167,88.0,77,8,9.37
576,Souillac,MU,2022-07-20 22:04:51,light rain,-20.5167,57.5167,67.71,75,69,18.75
577,Vao,NC,2022-07-20 22:04:51,overcast clouds,-22.6667,167.4833,73.89,88,98,10.2
578,Gazli,UZ,2022-07-20 22:04:51,clear sky,40.1333,63.45,89.38,15,0,13.62
579,Bojnurd,IR,2022-07-20 22:04:52,clear sky,37.4747,57.329,72.48,53,0,5.79
580,Ahuimanu,US,2022-07-20 22:04:52,light rain,21.4447,-157.8378,83.91,70,75,18.41
581,Vestmannaeyjar,IS,2022-07-20 22:04:52,broken clouds,63.4427,-20.2734,53.89,80,61,14.58
582,Llanes,ES,2022-07-20 22:04:53,scattered clouds,43.4198,-4.7549,68.72,83,38,5.14
583,Honiara,SB,2022-07-20 22:00:36,broken clouds,-9.4333,159.95,82.69,70,66,4.9
584,Namibe,AO,2022-07-20 22:04:53,clear sky,-15.1961,12.1522,62.46,82,1,2.39
585,Vila,PT,2022-07-20 22:04:53,clear sky,42.0304,-8.1588,66.7,65,0,5.17
586,Wake Forest,US,2022-07-20 22:04:54,haze,35.9799,-78.5097,93.88,58,40,8.05
587,Araouane,ML,2022-07-20 22:04:54,overcast clouds,18.9048,-3.5265,91.09,39,91,6.26
588,Mishan,CN,2022-07-20 22:04:54,few clouds,45.55,131.8833,68.95,91,14,2.55
589,Oyama,JP,2022-07-20 22:04:55,overcast clouds,36.3,139.8,84.58,69,93,1.57
590,Ust-Koksa,RU,2022-07-20 22:04:55,broken clouds,50.2696,85.6108,47.71,77,79,2.68
591,Frankfort,ZA,2022-07-20 22:04:55,broken clouds,-27.2667,28.4833,50.36,56,52,2.28
592,Nelson Bay,AU,2022-07-20 22:04:55,light rain,-32.7167,152.15,61.0,80,86,15.01
593,Ruidoso,US,2022-07-20 22:04:56,light rain,33.3317,-105.673,88.95,39,40,16.11
594,Barpali,IN,2022-07-20 22:04:56,overcast clouds,21.2,83.5833,76.86,88,100,4.97
595,Fayaoue,NC,2022-07-20 22:04:56,overcast clouds,-20.65,166.5333,77.13,87,97,16.22
596,Sao Gabriel Da Cachoeira,BR,2022-07-20 22:04:57,broken clouds,-0.1303,-67.0892,77.09,87,73,1.01
597,Plast,RU,2022-07-20 22:04:57,few clouds,54.3691,60.8136,53.24,88,16,8.79
598,Dangriga,BZ,2022-07-20 22:04:57,broken clouds,16.9692,-88.2321,83.57,72,52,8.48
599,Ostersund,SE,2022-07-20 22:05:58,broken clouds,63.1792,14.6357,70.25,60,75,8.05
600,Kayankulam,IN,2022-07-20 22:05:58,overcast clouds,9.1833,76.5,76.96,89,98,10.27
601,Cedar Lake,US,2022-07-20 22:05:58,few clouds,41.3648,-87.4411,86.79,63,11,15.75
602,Centralia,US,2022-07-20 22:03:09,clear sky,46.7162,-122.9543,85.68,51,0,6.91
603,Morant Bay,JM,2022-07-20 22:03:57,few clouds,17.8815,-76.4093,90.72,68,16,11.83
604,Sola,VU,2022-07-20 22:05:42,scattered clouds,-13.8833,167.55,80.67,79,41,20.45
605,Copala,MX,2022-07-20 22:05:59,overcast clouds,16.65,-98.9833,86.43,69,92,6.31
606,Innisfail,AU,2022-07-20 22:05:59,overcast clouds,-17.5333,146.0333,67.51,86,97,5.57
607,Ituiutaba,BR,2022-07-20 22:05:59,few clouds,-18.9689,-49.465,74.19,29,13,5.1
608,Bassar,TG,2022-07-20 22:06:00,few clouds,9.25,0.7833,70.56,83,23,3.51
609,Angoche,MZ,2022-07-20 22:06:00,clear sky,-16.2325,39.9086,68.56,76,0,2.73
610,Edd,ER,2022-07-20 22:06:00,overcast clouds,13.9297,41.6925,91.47,47,100,5.44
611,Necochea,AR,2022-07-20 22:06:01,scattered clouds,-38.5473,-58.7368,57.69,57,28,16.06
612,Shaoyang,CN,2022-07-20 22:06:01,overcast clouds,27.2315,111.4525,77.16,89,100,4.18
613,Jiazi,CN,2022-07-20 22:06:01,scattered clouds,22.8779,116.067,81.64,86,32,0.81
614,Caravelas,BR,2022-07-20 22:02:16,clear sky,-17.7125,-39.2481,71.29,78,1,6.89
615,Price,US,2022-07-20 22:06:02,scattered clouds,39.5994,-110.8107,94.26,15,40,10.36
616,Mbala,ZM,2022-07-20 22:06:02,broken clouds,-8.8402,31.3659,60.53,54,56,10.69
617,Hambantota,LK,2022-07-20 22:02:49,few clouds,6.1241,81.1185,77.34,100,20,4.61
618,Scicli,IT,2022-07-20 22:06:03,few clouds,36.7902,14.7014,78.91,68,15,2.98
619,Pinheiro Machado,BR,2022-07-20 22:05:07,clear sky,-31.5783,-53.3811,58.05,92,1,5.35
620,Ruston,US,2022-07-20 22:01:11,clear sky,32.5232,-92.6379,100.58,32,0,9.22
621,Mookane,BW,2022-07-20 22:06:03,broken clouds,-23.688,26.6595,55.63,71,71,5.53
622,Hun,LY,2022-07-20 22:06:03,clear sky,29.1268,15.9477,80.4,43,0,10.76
623,Mizan Teferi,ET,2022-07-20 22:06:04,overcast clouds,6.9833,35.5833,60.35,97,100,2.66
624,Shirokiy,RU,2022-07-20 22:06:04,clear sky,49.758,129.523,65.57,90,6,5.59
625,Tautira,PF,2022-07-20 22:06:04,clear sky,-17.7333,-149.15,76.42,72,0,9.93
626,Bra,IT,2022-07-20 22:06:05,overcast clouds,44.703,7.8556,83.95,64,85,2.75
627,Kupang,ID,2022-07-20 22:01:10,overcast clouds,-10.1667,123.5833,74.39,87,90,9.4
628,Xining,CN,2022-07-20 22:06:05,moderate rain,36.6167,101.7667,56.21,68,97,3.27
629,Tikapur,NP,2022-07-20 22:06:05,overcast clouds,28.5,81.1333,79.48,89,100,2.98
630,Porosozero,RU,2022-07-20 22:06:06,few clouds,62.7191,32.727,60.4,84,15,8.14
631,Santa Marinella,IT,2022-07-20 22:06:06,clear sky,42.0345,11.8536,79.48,74,0,2.15
632,Kuvandyk,RU,2022-07-20 22:06:06,scattered clouds,51.4781,57.3552,56.23,80,26,3.31
633,Liberal,US,2022-07-20 22:03:10,clear sky,37.0431,-100.921,94.24,24,0,12.66
634,Ariquemes,BR,2022-07-20 22:06:07,clear sky,-9.9133,-63.0408,81.34,38,0,2.44
635,Pandan,PH,2022-07-20 22:06:07,overcast clouds,14.0453,124.1694,80.76,86,99,6.38
636,Longyearbyen,SJ,2022-07-20 22:01:25,broken clouds,78.2186,15.6401,49.84,87,75,5.75
637,Mutare,ZW,2022-07-20 22:06:07,broken clouds,-18.9707,32.6709,56.12,91,82,4.0
638,Cabatuan,PH,2022-07-20 22:06:08,light rain,10.8794,122.486,76.53,87,66,1.68
639,Kailua,US,2022-07-20 22:06:08,broken clouds,21.4022,-157.7394,84.18,78,75,11.5
640,Kholtoson,RU,2022-07-20 22:06:08,overcast clouds,50.2981,103.3097,48.2,89,98,1.81
641,Jiangyou,CN,2022-07-20 22:06:09,broken clouds,31.7667,104.7167,72.21,89,66,0.58
642,Santa Isabel,BR,2022-07-20 22:04:12,few clouds,-23.3156,-46.2214,63.7,96,20,3.47
643,Katherine,AU,2022-07-20 22:06:09,scattered clouds,-14.4667,132.2667,55.72,67,37,5.75
644,Pergamino,AR,2022-07-20 22:06:09,few clouds,-33.89,-60.5736,62.91,58,24,6.6
645,Benalla,AU,2022-07-20 22:07:10,few clouds,-36.55,145.9833,38.89,72,21,5.53
646,Olafsvik,IS,2022-07-20 22:04:18,broken clouds,64.8945,-23.7142,50.74,74,79,9.84
647,Valley,US,2022-07-20 22:04:07,clear sky,45.1277,-116.1262,82.76,11,0,11.27
648,Pando,UY,2022-07-20 22:07:02,clear sky,-34.7167,-55.95,61.9,72,0,5.75
649,Ibiapina,BR,2022-07-20 22:07:10,broken clouds,-3.9233,-40.8894,72.73,46,77,1.32
650,Fairbanks,US,2022-07-20 22:02:36,scattered clouds,64.8378,-147.7164,67.6,57,42,1.99
651,San Antonio,US,2022-07-20 22:05:34,scattered clouds,29.4241,-98.4936,106.07,32,40,13.8
652,Pak Kret,TH,2022-07-20 22:07:11,moderate rain,13.913,100.4988,81.99,99,40,5.75
653,Tazovskiy,RU,2022-07-20 22:07:11,overcast clouds,67.4667,78.7,44.92,91,89,10.89
654,Namatanai,PG,2022-07-20 22:06:27,overcast clouds,-3.6667,152.4333,81.09,74,94,6.13
655,Mwinilunga,ZM,2022-07-20 22:07:11,broken clouds,-11.7358,24.4293,63.28,54,80,2.44
656,Baruun-Urt,MN,2022-07-20 22:07:12,few clouds,46.6806,113.2792,66.74,58,18,6.49
657,Bonavista,CA,2022-07-20 22:07:12,overcast clouds,48.6499,-53.1147,61.63,85,100,26.31
658,Prabumulih,ID,2022-07-20 22:07:12,scattered clouds,-3.45,104.25,72.86,99,45,3.24
659,Disna,BY,2022-07-20 22:07:13,few clouds,55.568,28.1971,54.66,74,18,9.98
660,Dondo,MZ,2022-07-20 22:07:13,few clouds,-19.6094,34.7431,65.71,96,22,4.12
661,Prado,BR,2022-07-20 22:07:13,clear sky,-17.3411,-39.2208,70.79,82,9,7.96
662,Laguna,US,2022-07-20 22:07:13,clear sky,38.421,-121.4238,104.09,23,0,8.05
663,Balkany,HU,2022-07-20 22:07:14,clear sky,47.7707,21.8631,74.8,49,0,8.68
664,Roros,NO,2022-07-20 22:07:14,light rain,62.5747,11.3842,58.84,94,75,1.14
665,Alyangula,AU,2022-07-20 22:06:28,scattered clouds,-13.8483,136.4192,57.07,94,40,0.0
666,Rincon,US,2022-07-20 22:04:55,overcast clouds,32.296,-81.2354,76.96,88,100,10.36
667,Canico,PT,2022-07-20 22:07:15,few clouds,32.6333,-16.85,72.72,80,20,26.46
668,Mindelo,CV,2022-07-20 22:07:15,clear sky,16.8901,-24.9804,74.52,85,8,8.37
669,Acandi,CO,2022-07-20 22:07:15,overcast clouds,8.5063,-77.2778,81.57,88,85,5.08
670,Laerdalsoyri,NO,2022-07-20 22:07:16,light rain,61.098,7.4816,61.93,93,100,4.21
671,Hervey Bay,AU,2022-07-20 22:03:56,overcast clouds,-25.2986,152.8535,61.77,85,100,22.62
672,Tambilil,PH,2022-07-20 22:07:16,broken clouds,5.9622,124.6697,78.22,83,56,3.51
673,Pakpattan,PK,2022-07-20 22:07:16,scattered clouds,30.341,73.3866,86.36,71,38,11.21
674,Preobrazheniye,RU,2022-07-20 22:07:17,overcast clouds,42.9019,133.9064,64.65,91,99,4.45
675,Takaka,NZ,2022-07-20 22:07:17,overcast clouds,-40.85,172.8,49.55,84,100,5.61
676,Eirunepe,BR,2022-07-20 22:07:09,clear sky,-6.6603,-69.8736,83.77,55,10,2.13
677,Kerchevskiy,RU,2022-07-20 22:07:17,broken clouds,59.946,56.2884,51.76,97,64,4.0
678,Pilar,BR,2022-07-20 22:04:03,scattered clouds,-9.5972,-35.9567,73.33,95,48,4.54
679,Ostrovnoy,RU,2022-07-20 22:07:18,few clouds,68.0531,39.5131,46.65,96,21,3.85
680,Maltahohe,NA,2022-07-20 22:07:18,clear sky,-24.8333,16.9833,53.85,38,0,6.51
681,Znamenskoye,RU,2022-07-20 22:07:18,overcast clouds,57.1281,73.8282,59.36,99,97,3.89
682,Goderich,CA,2022-07-20 22:07:19,broken clouds,43.7501,-81.7165,78.91,88,75,23.2
683,Itaituba,BR,2022-07-20 22:07:19,overcast clouds,-4.2761,-55.9836,82.11,62,98,2.15
684,Valverde Del Camino,ES,2022-07-20 22:07:19,clear sky,37.5751,-6.7543,79.03,34,0,3.62
